{
  "navigation": {
    "links": {
      "about": "Sobre Nós",
      "solutions": "Soluções",
      "products": "Jogos",
      "setup": "Lançamento em 48h",
      "clients": "Cases de Sucesso",
      "contact": "Contato",
      "blog": "Blog"
    },
    "cta": "Lançar Agora (48h!)"
  },
  "hero": {
    "title": "Sua Plataforma para Lançar e Gerar Lucro com Apostas Online em Apenas 48h",
    "subtitle": "Transforme sua visão em um negócio de iGaming lucrativo em tempo recorde. Seja a próxima história de sucesso no entretenimento online.",
    "cta": "Quero Lançar Minha Operação em 48h!",
    "secondary_cta": "Fale com Nossos Especialistas"
  },
  "partners": { "title": "Parceiros Estratégicos Premium" },
  "about": {
    "title": " Sua Vantagem Competitiva no Mercado de iGaming",
    "description": "Nossa missão é impulsionar o mercado de apostas online com soluções tecnológicas rápidas, estáveis e altamente lucrativas. Acreditamos que a agilidade e a performance são seus maiores ativos, e nós os entregamos como padrão."
  },
  "games_showcase": {
    "title": " Os Jogos Mais Quentes na Sua Plataforma",
    "subtitle": "Descubra os slots que estão gerando mais engajamento. Experiência premium com os melhores provedores do mercado, maximizando o entretenimento e a retenção dos seus jogadores.",
    "trending_badge": "EM ALTA",
    "popular_badge": "POPULAR"
  },
  "features": {
    "title": "O Maior e Melhor Portfólio de Jogos: +3.000 Títulos para Impulsionar Seu Negócio",
    "subtitle": "Entretenimento ilimitado para maximizar seus lucros e a retenção dos seus jogadores.",
    "items": {
      "games": {
        "title": "Variedade Ilimitada: +3.000 Slots e Jogos de Cassino",
        "description": "O portfólio de jogos mais completo do mercado, com os melhores provedores globais já integrados e prontos para gerar lucro."
      },
      "rtp": {
        "title": "RTP Controlado: Otimize para Sua Estratégia de Negócio",
        "description": "Defina e ajuste as taxas de retorno de acordo com seus objetivos, garantindo um equilíbrio ideal entre engajamento dos jogadores e a rentabilidade da sua plataforma."
      },
      "jackpots": {
        "title": "Jackpots Milionários: Prêmios Progressivos Que Atraem e Retêm",
        "description": "Jackpots emocionantes que criam burburinho e garantem o retorno constante dos seus jogadores."
      }
    }
  },
  "setup": {
    "title": "Orbit Gaming: Lançamento Rápido, Resultados Imediatos",
    "subtitle": "Tudo o que você precisa para começar a faturar em apenas 48 horas.",
    "cta": "Ativar Minha Operação Agora!",
    "items": {
      "speed": {
        "title": "Ativação Expressa: Plataforma Pronta para Faturar em 48h",
        "description": "Setup completo em apenas 48 horas. Saia na frente da concorrência com a velocidade de implementação mais rápida do mercado."
      },
      "integrations": {
        "title": "Integrações Premium: Conecte-se aos Maiores Provedores",
        "description": "Mais de 50 provedores líderes de mercado já integrados: Pragmatic Play, Evolution, NetEnt e muito mais, prontos para operar."
      },
      "support": {
        "title": "Suporte Especializado: Equipe Dedicada ao Seu Sucesso",
        "description": "Suporte 24/7 em português com especialistas que realmente entendem o mercado brasileiro e latino-americano."
      },
      "consulting": {
        "title": "Consultoria Estratégica: Crescimento Comprovado",
        "description": "Nossa equipe de especialistas desenvolve estratégias personalizadas para maximizar seus resultados e acelerar seu crescimento desde o primeiro dia."
      }
    }
  },
  "portfolio": {
    "title": "Entretenimento Sem Limites, Lucro Garantido: O Portfólio Premium da Orbit Gaming",
    "subtitle": "Oferecemos mais de 3.000 jogos integrados e prontos para operar, garantindo a melhor experiência para seus jogadores e máxima retenção.",
    "items": {
      "casino": {
        "title": "Cassino Completo: Slots, Crash Games, Roleta, Cassino ao Vivo",
        "description": "A emoção que seus jogadores buscam com a mais completa seleção de jogos de cassino do mercado."
      },
      "sports": {
        "title": "Apostas Esportivas e Virtuais: Ação e Lucro em Cada Lance",
        "description": "Cobertura abrangente de esportes com odds altamente competitivas e mercados diversificados para atrair todos os perfis de apostadores."
      },
      "localized": {
        "title": "Conteúdo Exclusivo e Localizado para LATAM e Brasil",
        "description": "Jogos e conteúdos desenvolvidos especificamente para o público brasileiro e latino-americano, aumentando o engajamento e a identificação."
      }
    }
  },
  "custom_games": {
    "title": "Destaque-se: Jogos Personalizados com a Sua Marca",
    "subtitle": "Design, mecânica e narrativa exclusivos para sua operação se diferenciar e elevar a experiência dos seus jogadores a um novo nível.",
    "cta": "Criar Meu Jogo Exclusivo Agora"
  },
  "bento": {
    "title": "Por Que a Orbit Gaming é Sua Melhor Escolha para o Sucesso",
    "subtitle": "Descubra as vantagens exclusivas que fazem da Orbit Gaming a plataforma preferida dos operadores de sucesso no iGaming.",
    "items": {
      "main": {
        "title": "Solução Completa de Apostas Online",
        "description": "Plataforma all-in-one: mais de 3.000 jogos, sistema de pagamentos integrado, ferramentas de marketing e muito mais. Tudo o que você precisa em um só lugar."
      },
      "second": {
        "title": "Lançamento em 48 Horas",
        "description": "A implementação mais rápida do mercado. Do zero ao faturamento em apenas 48 horas com o apoio da nossa equipe especializada."
      },
      "third": {
        "title": "Portfólio Premium de +3.000 Jogos",
        "description": "Os melhores jogos dos maiores provedores globais, todos integrados e otimizados para maximizar seus lucros e a retenção de jogadores."
      },
      "fourth": {
        "title": "Suporte 24/7 em Português",
        "description": "Equipe dedicada que entende profundamente o mercado brasileiro, disponível 24 horas por dia para garantir seu sucesso e resolver qualquer demanda."
      }
    }
  },
  "testimonials": {
    "title": "Cases de Sucesso: Resultados Reais, Clientes Satisfeitos",
    "subtitle": "Empresários que já transformaram suas visões em negócios lucrativos confiam na Orbit Gaming para alcançar resultados extraordinários.",
    "cta": "Quero Atingir Esses Resultados Também!",
    "testimonial": "A parceria entre a 7K.BET e a Orbit Gaming tem sido fundamental para o sucesso do negócio. Em apenas 6 meses, aumentamos nossa receita em mais de 200% e nossa base de jogadores ativos cresceu 350%. A Orbit Gaming se destaca por suas soluções práticas, suporte eficaz e excelente atendimento. Como COO da 7K.BET, posso afirmar com convicção que a Orbit Gaming é uma empresa de confiança e altamente recomendável.",
    "results": {
      "revenue": "+200% de Receita em 6 Meses",
      "players": "+350% de Jogadores Ativos",
      "retention": "+180% de Retenção de Jogadores"
    }
  },
  "contact": {
    "title": "Pronto para Lançar Sua Operação de Apostas e Faturar em 48 Horas?",
    "subtitle": "Faça parte da próxima onda de entretenimento com a Orbit Gaming. Agende agora sua consultoria gratuita e descubra como podemos transformar sua visão em um negócio altamente lucrativo.",
    "whatsapp": "WhatsApp",
    "cta_primary": "Agendar Consultoria Gratuita",
    "cta_secondary": "Ver Demonstração ao Vivo",
    "form": {
      "name": "Nome Completo",
      "name_placeholder": "Seu nome completo",
      "email": "Email Profissional",
      "email_placeholder": "seu.email@exemplo.com",
      "phone": "Telefone com DDD",
      "phone_placeholder": "(11) 99999-9999",
      "company": "Empresa (se aplicável)",
      "company_placeholder": "Nome da sua empresa",
      "message": "Mensagem",
      "message_placeholder": "Conte-nos sobre seu projeto ou suas dúvidas...",
      "submit": "Quero Começar a Faturar em 48h!"
    },
    "urgency": "⚡️ Vagas limitadas para lançamento em 48h: Apenas 5 novas operações por mês!"
  },
  "blog": {
    "title": "Blog Orbit Gaming: Insights e Estratégias para o Mercado de iGaming",
    "description": "Estratégias comprovadas, insights de mercado e as últimas tendências do universo de apostas online para maximizar seus resultados.",
    "search_placeholder": "Pesquisar artigos e estratégias...",
    "categories": "Categorias",
    "tags": "Tags",
    "all": "Todos",
    "read_more": "Leia mais",
    "back_to_blog": "Voltar ao Blog",
    "related_posts": "Artigos Relacionados",
    "no_posts_found": "Nenhum artigo encontrado",
    "try_different_search": "Tente uma pesquisa diferente ou remova os filtros.",
    "category": "Categoria",
    "tag": "Tag",
    "category_description_prefix": "Artigos na categoria",
    "tag_description_prefix": "Artigos com a tag"
  },
  "footer": {
    "description": "A Orbit Gaming é sua parceira estratégica para transformar sua visão em um negócio lucrativo de apostas online em tempo recorde.",
    "links": {
      "title": "Navegação Rápida",
      "items": {
        "about": "Sobre Nós",
        "solutions": "Soluções",
        "products": "Jogos",
        "setup": "Lançamento em 48h",
        "clients": "Cases de Sucesso",
        "contact": "Contato",
        "blog": "Blog"
      }
    },
    "contact": {
      "title": "Fale Conosco",
      "whatsapp": "WhatsApp",
      "urgency": "Lançamento em 48h - Vagas Limitadas!"
    },
    "rights": "Todos os direitos reservados.",
    "cta": "Lançar Minha Operação Agora!"
  }
}
